カテゴリ名,amazonファッション＆小物,バッグ/シューズ,
8010ゲッコー,null,null,8010ゲッコー
B.D.バギーズ,null,null,B.D.バギーズ
G.V.コンテ,（G.V.コンテ）G.V.CONTE,（G.V.コンテ）G.V.CONTE,G.V.コンテ
GLOBERコレクション,(ハイファッションファクトリー コレクション)HIGH FASHION FACTORYコレクション,（HFF コレクション）,GLOBERコレクション
GLOBERブックス,null,null,GLOBERブックス
J＆M デヴィッドソン,J&M DAVIDSON(ジェイアンドエム デヴィッドソン),(J＆M デヴィッドソン)J&M Davidson,J＆M デヴィッドソン
J.W.ブライン,J.W.BRINE(ジェイ・ダブリュー・ブライン),J.W.BRINE(ジェイ・ダブリュー・ブライン),J.W.ブライン
KTルイストン,k.t.Lewiston [ ケーティールイストン ],k.t.Lewiston [ ケーティールイストン ],KTルイストン
null,arcopedico(アルコペディコ),arcopedico(アルコペディコ),null
null,AIGLE(エーグル),AIGLE(エーグル),null
null,Cantarelli (カンタレリ),Cantarelli (カンタレリ),null
null,SANUK(サヌーク),SANUK(サヌーク),null
null,（ジョンストンズ WOMEN'S）Johnstons,（ジョンストンズ WOMEN'S）Johnstons,null
null,TERRAPLANA(テラプラナ),TERRAPLANA(テラプラナ),null
null,THOMPSON『トンプソン』,THOMPSON『トンプソン』,null
PT01/PT05,（ピーティー・ゼロウーノ/ピーティー・ゼロチンクエ）PT01/PT05,（ピーティー・ゼロウーノ/ピーティー・ゼロチンクエ）PT01/PT05,PT01/PT05
アイソック,iSok(アイソック),iSok(アイソック),アイソック
アヴィオ,AVIO(アヴィオ),AVIO(アヴィオ),アヴィオ
アヴィレックス,AVIREX(アヴィレックス),AVIREX(アヴィレックス),アヴィレックス
アスコット,（アスコット）Ascot,（アスコット）Ascot,アスコット
アドミラル,Admiral(アドミラル),Admiral(アドミラル),アドミラル
アニアリ,aniary(アニアリ),aniary(アニアリ),アニアリ
アラン,[アラン]Alain,[アラン]Alain,アラン
アルコペディコ WOMEN'S,（アルコペディコ WOMEN'S）Arcopedico,（アルコペディコ WOMEN'S）Arcopedico,アルコペディコ WOMEN'S
アルジェアーデ・リバイバル,null,null,アルジェアーデ・リバイバル
アルテア,ALTEA(アルテア),ALTEA(アルテア),アルテア
アルバートサーストン,null,null,アルバートサーストン
アルファインダストリーズ,ALPHA INDUSTRIES INC(アルファ インダストリーズ),ALPHA INDUSTRIES INC(アルファ インダストリーズ),アルファインダストリーズ
アルポ,ALPO（アルポ）,ALPO（アルポ）,アルポ
アレッサンドロ・ゲラルディ,ALESSANDRO GHERARDI(アレッサンドロ ゲラルディ),ALESSANDRO GHERARDI(アレッサンドロ ゲラルディ),アレッサンドロ・ゲラルディ
アンダーソンズ,Anderson's (アンダーソンズ),Anderson's (アンダーソンズ),アンダーソンズ
アンドレア・ダミコ,(アンドレア・ダミコ)Andrea D'amico ,(アンドレア・ダミコ)Andrea D'amico,アンドレア・ダミコ
アントレ・アミ,ENTRE AMIS (アントレアミ),ENTRE AMIS (アントレアミ),
アンバサダーズ,Ambassadors(アンバサダーズ),Ambassadors(アンバサダーズ),アンバサダーズ
アンバサダーズ WOMEN'S,[アンバサダーズ WOMEN'S]Ambassadors WOMEN'S,[アンバサダーズ WOMEN'S]Ambassadors WOMEN'S,アンバサダーズ WOMEN'S
アンボワーズ,AMBOISE(アンボワーズ),AMBOISE(アンボワーズ),アンボワーズ
イザイア,ISAIA【イザイア】,ISAIA【イザイア】,イザイア
イレブンティ,eleventy【イレブンティ】,eleventy【イレブンティ】,イレブンティ
インコテックス,INCOTEX (インコテックス),INCOTEX (インコテックス),インコテックス
ヴァッツォレール,Vazzoler (ヴァッツォレール),Vazzoler (ヴァッツォレール),ヴァッツォレール
ヴィガーノ,[ヴィガーノ]Vigano,[ヴィガーノ]Vigano,ヴィガーノ
ウイリアム,（ウイリアム）William,（ウイリアム）William,ウイリアム
エイドス,eidos (エイドス),eidos (エイドス),エイドス
エーエムビー,Amb(エーエムビー),Amb(エーエムビー),エーエムビー
エーエムビー WOMEN'S,Amb WOMEN'S(エーエムビーWOMEN'S),Amb WOMEN'S(エーエムビーWOMEN'S),エーエムビー WOMEN'S
エーグル WOMEN'S,null,null,エーグル WOMEN'S
エドウィン,EDWIN(エドウィン),EDWIN(エドウィン),エドウィン
エドウィン・ゴルフ,EDWIN GOLF(エドウィン ゴルフ),EDWIN GOLF(エドウィン ゴルフ),エドウィン・ゴルフ
エモジオーニ,EMOZIONI(エモジオーニ),EMOZIONI(エモジオーニ),エモジオーニ
エリザベス・パーカー,ELIZABETH PARKERエリザベス パーカー,ELIZABETH PARKERエリザベス パーカー,エリザベス・パーカー
エル・ビー・エム1911,L.B.M.1911(エルビーエム1911),L.B.M.1911(エルビーエム1911),エル・ビー・エム1911
エンポリオ・アルマーニ,EMPORIO ARMANI(エンポリオアルマーニ),EMPORIO ARMANI(エンポリオアルマーニ),エンポリオ・アルマーニ
エンメティ,EMMETI【エンメティ】,EMMETI【エンメティ】,エンメティ
エンメティ WOMEN'S,[エンメティ WOMEN'S]Emmeti　WOMEN'S,[エンメティ WOMEN'S]Emmeti　WOMEN'S,エンメティ WOMEN'S
オヴィリ,Oviri［ オヴィリ ］,Oviri［ オヴィリ ］,オヴィリ
オネット,HONNETE(オネット),HONNETE(オネット),オネット
オリアン,ORIAN(オリアン),ORIAN(オリアン),オリアン
オリアン WOMEN'S,[オリアン WOMEN'S]Orian WOMEN'S,[オリアン WOMEN'S]Orian WOMEN'S,オリアン WOMEN'S
オロビアンコ,Orobianco(オロビアンコ),Orobianco(オロビアンコ),オロビアンコ
オロビアンコ・タイムオラ,null,null,オロビアンコ・タイムオラ
オロブル,(オロブル)Oroblu,(オロブル)Oroblu,オロブル
ガイモ,gaimo(ガイモ),gaimo(ガイモ),ガイモ
ガイモ WOMEN'S,Gaimo WOMEN'S(ガイモ WOMEN'S),Gaimo WOMEN'S(ガイモ WOMEN'S),ガイモ WOMEN'S
カスタニエール,CASTANER(カスタニエール),CASTANER(カスタニエール),カスタニエール
カスタニエール WOMEN'S,（カスタニエール WOMEN'S）Castaner,（カスタニエール WOMEN'S）Castaner,カスタニエール WOMEN'S
カナタ,KANATA(カナタ),KANATA(カナタ),カナタ
カナダグース,CANADA GOOSE(カナダグース),CANADA GOOSE(カナダグース),カナダグース
カナダグース WOMEN'S,CANADA GOOSE(カナダグース),CANADA GOOSE(カナダグース),カナダグース WOMEN'S
カミナンド,Caminando(カミナンド),Caminando(カミナンド),カミナンド
カメルーチ・アキーボ,(カメルーチ・アキーボ)Camerucci Archivio,(カメルーチ・アキーボ)Camerucci Archivio,カメルーチ・アキーボ
カルザノール,Calzanor(カルザノール),Calzanor(カルザノール),カルザノール
カルザノール WOMEN'S,Calzanor(カルザノール),Calzanor(カルザノール),カルザノール WOMEN'S
ガレリアント,（ガレリアント）Galleriant,（ガレリアント）Galleriant,ガレリアント
ギ・ローバー,GUY ROVER ギローバー,GUY ROVER ギローバー,ギ・ローバー
キャットワース,[キャットワース]Catworth,[キャットワース]Catworth,キャットワース
クラークス,Clarks(クラークス),Clarks(クラークス),クラークス
グラソン,Glacon　グラソン,Glacon　グラソン,グラソン
グラミチ,GRAMICCI(グラミチ),GRAMICCI(グラミチ),グラミチ
グラミチ　WOMEN'S,GRAMICCI(グラミチ),GRAMICCI(グラミチ),グラミチ　WOMEN'S
グランサッソ,Gransasso (グランサッソ）,Gransasso (グランサッソ）,グランサッソ
グリジオペルラ,（グリジオペルラ）Grigio Perla,（グリジオペルラ）Grigio Perla,グリジオペルラ
クルチアーニ,Cruciani(クルチアーニ),Cruciani(クルチアーニ),クルチアーニ
グレンダ WOMEN'S,null,null,グレンダ WOMEN'S
グレンフェル,null,null,グレンフェル
グレンプリンス,Glen Prince(グレンプリンス),Glen Prince(グレンプリンス),グレンプリンス
グローバーオール,GLOVERALL(グローバーオール),GLOVERALL(グローバーオール),グローバーオール
クロケット＆ジョーンズ,CROCKETT&JONES(クロケット&ジョーンズ),CROCKETT&JONES(クロケット&ジョーンズ),クロケット＆ジョーンズ
ケアレーベル,(ケアレーベル)Carelabel,(ケアレーベル)Carelabel,ケアレーベル
ケプト,KEPT(ケプト),KEPT(ケプト),ケプト
ケント,KENT(ケント),KENT(ケント),ケント
コース WOMEN'S,null,（コース WOMEN'S）Koos,コース WOMEN'S
コース メンズ,KOOS(クース),KOOS(クース),コース メンズ
コス,null,null,コス
コユック,KOYUK(コユック),KOYUK(コユック),コユック
ザネラート,Zanellato(ザネラート),Zanellato(ザネラート),ザネラート
ザノーネ,ZANONE【ザノーネ】,ZANONE【ザノーネ】,ザノーネ
サンダース,null,null,サンダース
サンバティ,SMBATI(サンバティ）,SMBATI(サンバティ）,サンバティ
シーグリーン,SeaGreen(シーグリーン),SeaGreen(シーグリーン),シーグリーン
ジーティーアー,GTA (ジーティーアー),GTA (ジーティーアー),ジーティーアー
シセイ,（シセイ）Cisei,（シセイ）Cisei,シセイ
シビリア,（シビリア）Siviglia,（シビリア）Siviglia,シビリア
ジャベツ・クリフ,JABEZ CLIFF【ジャベツクリフ】,JABEZ CLIFF【ジャベツクリフ】,ジャベツ・クリフ
ジャベツ・クリフ,null,null,ジャベツ・クリフ
ジャミーソンズ,JAMIESON'S(ジャミーソンズ),JAMIESON'S(ジャミーソンズ),ジャミーソンズ
ジャンネット・ポルトフィーノ,[ジャンネット・ポルトフィーノ]Giannetto Portofino,[ジャンネット・ポルトフィーノ]Giannetto Portofino,ジャンネット・ポルトフィーノ
シャンボール・セリエ,（シャンボール・セリエ）Chambord Sellier,（シャンボール・セリエ）Chambord Sellier,シャンボール・セリエ
ショット,schott N.Y.C(ショット),schott N.Y.C(ショット),ショット
ジョンストンズ,JOHNSTONS(ジョンストンズ),JOHNSTONS(ジョンストンズ),ジョンストンズ
ジョンスメドレー,JOHN SMEDLEY(ジョンスメドレー),JOHN SMEDLEY(ジョンスメドレー),ジョンスメドレー
ジョンソン・ウーレンミルズ,JOHNSON WOOLEN MILLS(ジョンソンウーレンミルズ),JOHNSON WOOLEN MILLS(ジョンソンウーレンミルズ),ジョンソン・ウーレンミルズ
シンプソン・ロンドン,[シンプソン・ロンドン]Simpson London,[シンプソン・ロンドン]Simpson London,シンプソン・ロンドン
スウェイン・アドニ―・ブリッグ,（スウェイン・アドニー・ブリッグ)Swaine Adeney Brigg,（スウェイン・アドニー・ブリッグ）Swaine Adeney Brigg,スウェイン・アドニ―・ブリッグ
ステファノガンバ,STEFANO GAMBA(ステファノガンバ),STEFANO GAMBA(ステファノガンバ),ステファノガンバ
ステファノビジ,STEFANO BIGI(ステファノ ビジ),null,ステファノビジ
ストーム,STORM(ストーム),STORM(ストーム),ストーム
ストーンアイランド,Stone Island(ストーンアイランド),Stone Island(ストーンアイランド),ストーンアイランド
ストックトン,（ストックトン）Stokton,（ストックトン）Stokton,ストックトン
スプリングコート,spring court(スプリングコート),spring court(スプリングコート),スプリングコート
スプリングコート WOMEN'S,（スプリングコート WOMEN'S）Spring Court,（スプリングコート WOMEN'S）Spring Court,スプリングコート WOMEN'S
セッテフィーリ・カシミア,SettefiliCashmere(セッテフィーリカシミア),SettefiliCashmere(セッテフィーリカシミア),セッテフィーリ・カシミア
セラピアン,SERAPIAN（セラピアン）,SERAPIAN（セラピアン）,
センシ,SENSI(センシ),SENSI(センシ),センシ
セント・ジェームズ・コレクション,SAINT JAMES(セントジェームス),SAINT JAMES(セントジェームス),セント・ジェームズ・コレクション
ソッツィ,（ソッツィ）Sozzi,（ソッツィ）Sozzi,ソッツィ
ソリード,SOLIDO(ソリード）,SOLIDO(ソリード）,ソリード
ターンブル＆アッサー,[ターンブル＆アッサー]Turnbull&Asser,[ターンブル＆アッサー]Turnbull,ターンブル＆アッサー
タイユアタイ,（タイユアタイ）Tie Your Tie,（タイユアタイ）Tie Your Tie,タイユアタイ
タスティング,（タスティング）Tusting,（タスティング）Tusting,タスティング
タテオシアン,TATEOSSIAN(タテオシアン),TATEOSSIAN(タテオシアン),タテオシアン
タトラス,TATRAS(タトラス),TATRAS(タトラス),タトラス
タトラス WOMEN'S,TATRAS(タトラス),TATRAS(タトラス),タトラス WOMEN'S
ダニエル＆ボブ,Daniel&Bob(ダニエル＆ボブ),Daniel,ダニエル＆ボブ
ダノリス,null,null,ダノリス
タリアトーレ,TAGLIATORE【タリアトーレ】,TAGLIATORE【タリアトーレ】,タリアトーレ
チット・ラグジュアリー,CIT LUXURY(チットラグジュアリー),CIT LUXURY(チットラグジュアリー),チット・ラグジュアリー
チャムス,CHUMS(チャムス),CHUMS(チャムス),チャムス
チャムス WOMEN'S,CHUMS(チャムス),CHUMS(チャムス),チャムス WOMEN'S
チョッカ,Ciocca【チョッカ】,Ciocca【チョッカ】,チョッカ
チルコロ1901,CIRCOLO(チルコロ),CIRCOLO(チルコロ),チルコロ1901
チンクアンタ,CINQUANTA【チンクアンタ】,CINQUANTA【チンクアンタ】,チンクアンタ
ディアドラ,DIADORA(ディアドラ),DIADORA(ディアドラ),ディアドラ
ティベリオ・フェレッティ,TIBERIO FERRETTI(ティベリオ フェレッティ）,TIBERIO FERRETTI(ティベリオ フェレッティ）,ティベリオ・フェレッティ
ディメッラ,DI MELLA（ディメッラ）,DI MELLA（ディメッラ）,ディメッラ
デインズ＆ハザウェイ,(デインズ＆ハザウェイ)Daines & Hathaway,(デインズ＆ハザウェイ)Daines,デインズ＆ハザウェイ
ティントリア・マッテイ,TINTORIA MATTEI (ティントリア マッティ),TINTORIA MATTEI (ティントリア マッティ),ティントリア・マッテイ
デパートメント5,(デパートメント5)Department5,(デパートメント5)Department5,デパートメント5
デュカルス,DOUCAL'S【デュカルス】,DOUCAL'S【デュカルス】,デュカルス
デュベティカ,Duvetica(デュベティカ),null,デュベティカ
デュベティカ WOMEN'S,Duvetica(デュベティカ),Duvetica(デュベティカ),デュベティカ WOMEN'S
デラ・チアーナ,（デラ・チアーナ）Della Ciana,（デラ・チアーナ）Della Ciana,デラ・チアーナ
テンデンス,Tendence(テンデンス),Tendence(テンデンス),
デンツ,DENTS(デンツ),DENTS(デンツ),デンツ
デンツ WOMEN'S,null,null,デンツ WOMEN'S
トゥファート,（トゥファート）Tuffato,（トゥファート）Tuffato,トゥファート
トップサイダー,TOP-SIDER(トップサイダー),TOP-SIDER(トップサイダー),トップサイダー
トラディショナル・ウェザーウェア,Traditional Weatherwear【トラディショナルウェザーウェア】,Traditional Weatherwear【トラディショナルウェザーウェア】,トラディショナル・ウェザーウェア
トラモンターノ,（トラモンターノ）Tramontano,（トラモンターノ）Tramontano,トラモンターノ
トリッカーズ,null,null,トリッカーズ
ドルモア,Drumohr【ドルモア】,Drumohr【ドルモア】,ドルモア
ドレイクス,DRAKE'S(ドレイクス),DRAKE'S(ドレイクス),ドレイクス
ネロペルラ,（ネロペルラ）Neroperla,（ネロペルラ）Neroperla,ネロペルラ
ノティファイ,Notify(ノティファイ),Notify(ノティファイ),ノティファイ
ノリコイケ,norikoike(ノリコイケ),norikoike(ノリコイケ),ノリコイケ
バーク,BARK バーク,BARK バーク,バーク
バーフィールド,BURFIELD(バーフィールド),BURFIELD(バーフィールド),バーフィールド
バイクラム,null,null,バイクラム
ハケット,（ハケット）Hackett,（ハケット）Hackett,ハケット
バブアー,Barbour(バブアー),Barbour(バブアー),バブアー
パブリック,(パブリック)Publik,(パブリック)Publik,パブリック
パブリック WOMEN'S,null,null,パブリック WOMEN'S
バルスター/バルスタリーノ,（バルスター/バルスタリーノ）Valstar/Valstarino,（バルスター/バルスタリーノ）Valstar/Valstarino,バルスター/バルスタリーノ
バルバ,BARBA(バルバ),BARBA(バルバ),バルバ
バロンズ・ハンター,null,null,バロンズ・ハンター
パンセレラ,PANTHERELLA(パンセレラ),PANTHERELLA(パンセレラ),パンセレラ
ピー・エイチ・デザイン,[ピー・エイチ・デザイン]PH design,[ピー・エイチ・デザイン]PH design,ピー・エイチ・デザイン
ピーエルセルズ,（ピーエルセルズ）P.L.Sells,（ピーエルセルズ）P.L.Sells,ピーエルセルズ
ビルケンシュトック・タタミ, TATAMI by.BIRKENSTOCK(タタミバイビルケンシュトック),TATAMI by.BIRKENSTOCK(タタミバイビルケンシュトック),ビルケンシュトック・タタミ
ビルケンシュトック・タタミ WOMEN'S,null,null,ビルケンシュトック・タタミ WOMEN'S
ファーロ,FARO(ファーロ),FARO(ファーロ),ファーロ
フィデリティー,FIDELITY（フィデリティ）,FIDELITY（フィデリティ）,フィデリティー
フィナモレ,Finamore【フィナモレ】,Finamore【フィナモレ】,フィナモレ
フィリアム,null,null,フィリアム
フェランテ,ferrante(フェランテ),ferrante(フェランテ),フェランテ
フェリージ,Felisi(フェリージ),Felisi(フェリージ),フェリージ
フォックス・アンブレラズ,FOX UMBRELLAS(フォックスアンブレラズ),FOX UMBRELLAS(フォックスアンブレラズ),フォックス・アンブレラズ
ブッテロ,BUTTERO(ブッテロ),BUTTERO(ブッテロ),ブッテロ
フラカップ,FRACAP(フラカップ),FRACAP(フラカップ),フラカップ
ブラックシープ,BLACK SHEEP(ブラックシープ),BLACK SHEEP(ブラックシープ),ブラックシープ
フランコ・バッシ,FRANCO BASSIフランコ バッシ,FRANCO BASSIフランコ バッシ,フランコ・バッシ
フランコ・バッシ,null,null,フランコ・バッシ
ブリーフィング,BRIEFING(ブリーフィング),BRIEFING(ブリーフィング),ブリーフィング
フレッドペリー,FRED PERRY(フレッドペリー),FRED PERRY(フレッドペリー),フレッドペリー
フレッドペリー WOMEN'S,null,null,フレッドペリー WOMEN'S
ベグ・スコットランド,BEGG SCOTLAND(ベグ・スコットランド),BEGG SCOTLAND(ベグ・スコットランド),ベグ・スコットランド
ペッレモルビダ,PELLE MORBIDA(ペッレ モルビダ),PELLE MORBIDA(ペッレ モルビダ),ペッレモルビダ
ベルスタッフ,Belstaff(ベルスタッフ),Belstaff(ベルスタッフ),ベルスタッフ
ヘルノ,HERNO(ヘルノ),HERNO(ヘルノ),ヘルノ
ベルベスト,Belvest [ベルベスト],Belvest [ベルベスト],ベルベスト
ベン・デイビス,BEN DAVIS(ベンディビス),BEN DAVIS(ベンディビス),ベン・デイビス
ポルペッタ,POLPETTA(ポルペッタ),POLPETTA(ポルペッタ),ポルペッタ
ホワイトハウスコックス,Whitehouse Cox(ホワイトハウスコックス),Whitehouse Cox(ホワイトハウスコックス),ホワイトハウスコックス
マーク・バーンスタイン,null,null,マーク・バーンスタイン
マージャーズ,（マージャーズ）Magyars,（マージャーズ）Magyars,マージャーズ
マーティン・フェイジー,（マーティン・フェイジー）Martin Faizey,（マーティン・フェイジー）Martin Faizey,マーティン・フェイジー
マイネッティ,MAINETTI【マイネッティ】,MAINETTI【マイネッティ】,マイネッティ
マッキントッシュ,MACKINTOSH(マッキントッシュ),MACKINTOSH(マッキントッシュ),マッキントッシュ
マッキントッシュ WOMEN'S,（マッキントッシュ WOMENS）Mackintosh,（マッキントッシュ WOMENS）Mackintosh,マッキントッシュ WOMEN'S
マッシモ,MASSIMO,MASSIMO,マッシモ
マドヴァ,Madova (マドヴァ),Madova (マドヴァ),マドヴァ
マニラ,manila(マニラ),manila(マニラ),マニラ
マリオ・ムスカリエッロ,null,null,マリオ・ムスカリエッロ
ムータ,（ムータ）Muta,（ムータ）Muta,ムータ
ムーレー,MOORER (ムーレー),MOORER (ムーレー),ムーレー
ムンガイ,(ムンガイ)Mungai,(ムンガイ)Mungai,ムンガイ
モルガーノ,MORGANO(モルガーノ),MORGANO(モルガーノ),モルガーノ
モンテドーロ,null,null,モンテドーロ
ヤーモ,null,null,ヤーモ
ラコステ,LACOSTE(ラコステ),LACOSTE(ラコステ),ラコステ
ラットフォーティーポイントエイト,（ラットフォーティーポイントエイト）Lat40.8,（ラットフォーティーポイントエイト）Lat40.8,ラットフォーティーポイントエイト
ラルコバレーノ,L'arcobaleno(ラルコバレーノ),L'arcobaleno(ラルコバレーノ),ラルコバレーノ
ラルディーニ,LARDINI【ラルディーニ】,LARDINI【ラルディーニ】,ラルディーニ
リカルド,null,null,リカルド
リビエラ,RIVIERAS(リビエラ),RIVIERAS(リビエラ),リビエラ
リプラス,REPLUS (リプラス),REPLUS (リプラス),リプラス
リモワ,RIMOWA(リモワ),RIMOWA(リモワ),リモワ
ルイジ・ボレッリ,（ルイジ・ボレッリ）Luigi Borrelli,（ルイジ・ボレッリ）Luigi Borrelli,ルイジ・ボレッリ
ルトロワ,（ルトロワ）Letroyes,（ルトロワ）Letroyes,ルトロワ
レイク,[レイク]Lake,[レイク]Lake,レイク
レイノルズ＆ケント,（レイノルズ&ケント）Reynolds&Kent,（レイノルズ,レイノルズ＆ケント
ロダ,RODA【ロダ】,RODA【ロダ】,ロダ
ロレンツォ・アゾラ,（ロレンツォ・アゾラ）Lorenzo Asola,（ロレンツォ・アゾラ）Lorenzo Asola,ロレンツォ・アゾラ
